{
  "fixeGauche": {
    "fov": 47,
    "aspect": 1.777778,
    "near": 0.01,
    "far": 1000,
    "position": [
      9.86,
      14.4,
      -21.6
    ],
    "target": [
      16.82,
      0.0,
      9.6
    ],
    "up": [
      0,
      1,
      0
    ],
    "roll": 0
  },
  "fixeDroite": {
    "fov": 47,
    "aspect": 1.777778,
    "near": 0.01,
    "far": 1000,
    "position": [
      40.14,
      14.4,
      -21.6
    ],
    "target": [
      33.18,
      0.0,
      9.6
    ],
    "up": [
      0,
      1,
      0
    ],
    "roll": 0
  }
}
